[
  {
    "navn": "Rema 1000",
    "kategorier": [
      {
        "navn": "03 Konserves",
        "varer": [
          {
            "id": "2c489e61-de44-4446-b3e1-79dfbb264cdf",
            "number": "0",
            "name": "Marmelade kate",
            "price": "23,95",
            "checked": false
          },
          {
            "id": "8c57110d-b02a-4e0a-b680-92828c9988a5",
            "number": "0",
            "name": "Marmelade Rikard",
            "price": "15,95",
            "checked": false
          },
          {
            "id": "f60ad337-756c-40af-bf6e-e0333c3a9cf8",
            "number": "0",
            "name": "Coleslaw dressing",
            "price": "14,95",
            "checked": false
          },
          {
            "id": "29b095ca-7fef-48f6-995f-4ec3cc8af31d",
            "number": "0",
            "name": "Solsikke olie",
            "price": "18,95",
            "checked": false
          },
          {
            "id": "c2de9dcd-7da1-42b4-bb4b-99bd7d2da553",
            "number": "0",
            "name": "Mayonnaise",
            "price": "11,95",
            "checked": false
          }
        ]
      },
      {
        "navn": "06 Majeri",
        "varer": [
          {
            "id": "09f5964b-fa24-4949-9898-49922caae292",
            "number": "0",
            "name": "Mælk",
            "price": "11,50",
            "checked": false,
            "category": "Majeri"
          },
          {
            "id": "16afcaa3-5a4d-4a28-824c-81aa999da5a9",
            "number": "0",
            "name": "Æggeblommer",
            "price": "19,95",
            "checked": false
          },
          {
            "id": "a58c077a-aa0f-4529-858a-acae14e7d227",
            "number": "0",
            "name": "15 stk. Æg",
            "price": "37,95",
            "checked": false
          },
          {
            "id": "25b621f2-69d1-42c1-874c-e7664e7ec3b3",
            "number": "0",
            "name": "Smør",
            "price": "12,00",
            "checked": false
          }
        ]
      },
      {
        "navn": "02 Pålægs afdeling",
        "varer": [
          {
            "id": "f780b44e-f881-4e08-8478-e1b99f4f07a9",
            "number": "0",
            "name": "Leverpostej",
            "price": "14,50",
            "checked": false
          },
          {
            "id": "021e0d97-6b86-4308-8d9a-0c9812eebaf0",
            "number": "0",
            "name": "Jasmin ris",
            "price": "14,95",
            "checked": false,
            "category": "02 Pålægs afdeling"
          }
        ]
      },
      {
        "navn": "05 Drikkevarer",
        "varer": [
          {
            "id": "94dfbbe2-cc28-4198-bc7f-bd9337e6eb04",
            "number": "0",
            "name": "Harbo 1/2 l flaske Pant",
            "price": "1,50",
            "checked": false
          },
          {
            "id": "c063c747-dbe0-43fd-9e97-97809753a90a",
            "number": "0",
            "name": "Harboe 1/2 l flaske Pant retur",
            "price": "-1,50",
            "checked": false
          },
          {
            "id": "9d4fdda8-0cc5-4178-a360-1a420a5bcb03",
            "number": "0",
            "name": "Saftevand 1 l flaske Pant",
            "price": "3,00",
            "checked": false
          },
          {
            "id": "5e6fcd88-5ec5-4e4b-8b58-d6930d83dcff",
            "number": "0",
            "name": "Saftevand 1 l flaske Pant retur",
            "price": "-3,00",
            "checked": false
          },
          {
            "id": "3c490cd6-9ffe-4c25-bb53-486bfa1e1c08",
            "number": "0",
            "name": "Saftevand",
            "price": "9,00",
            "checked": false
          },
          {
            "id": "8750673b-b20a-4de7-92fb-e5e7c6332b01",
            "number": "0",
            "name": "Harboe  6stk pak.",
            "price": "18,00",
            "checked": false
          }
        ]
      },
      {
        "navn": "01 Brød afdeling",
        "varer": [
          {
            "id": "3b9e9717-df55-477d-8624-b78b629da8e2",
            "number": "0",
            "name": "Rugbrød",
            "price": "10,00",
            "checked": false
          }
        ]
      },
      {
        "navn": "07 Kiks, kager, pleje midler",
        "varer": [
          {
            "id": "4f9909bb-b9c8-4239-9217-719b8e8a5367",
            "number": "0",
            "name": "Havregryn",
            "price": "5,00",
            "checked": false
          },
          {
            "id": "2af0b29c-171a-479a-a121-8f8a4ff0e19a",
            "number": "0",
            "name": "Knækbrød delikatess sesam",
            "price": "22,95",
            "checked": false
          },
          {
            "id": "cc9160db-c846-45fd-9ded-8a5c0a2b4843",
            "number": "0",
            "name": "Chokolade kiks",
            "price": "15,50",
            "checked": false
          }
        ]
      },
      {
        "navn": "10 Slik og snacks",
        "varer": [
          {
            "id": "6688ac36-4010-49ec-aa18-2e7cb943bc24",
            "number": "0",
            "name": "Chokolade",
            "price": "14,95",
            "checked": false
          }
        ]
      },
      {
        "navn": "01 Grønsager",
        "varer": [
          {
            "id": "548b8708-308b-485c-b814-1766513aced3",
            "number": "0",
            "name": "Spidskål",
            "price": "15,00",
            "checked": false
          },
          {
            "id": "2e066dab-dbd7-4a08-bab4-c36d473ef0e2",
            "number": "0",
            "name": "Gulerødder 15,00/kg",
            "price": "18,06",
            "checked": false
          }
        ]
      },
      {
        "navn": "02 Frost fisk",
        "varer": []
      },
      {
        "navn": "03 Frost grønt",
        "varer": []
      },
      {
        "navn": "03 Frost brød",
        "varer": [
          {
            "id": "85beb5ca-0a29-4919-b2f1-44f0d11ae037",
            "number": "0",
            "name": "Morgenbrød Kate",
            "price": "16,95",
            "checked": false
          },
          {
            "id": "44eb7879-a362-4650-9097-dcd31085c144",
            "number": "0",
            "name": "Morgenbrød Rikard",
            "price": "16,95",
            "checked": false
          }
        ]
      },
      {
        "navn": "02 Frost is",
        "varer": []
      },
      {
        "navn": "08 Rengøring, engangs, varme drikke",
        "varer": [
          {
            "id": "fb41f381-4c41-4d98-90df-6a1378e33079",
            "number": "0",
            "name": "Kaffe",
            "price": "47,95",
            "checked": false
          },
          {
            "id": "bf257896-a3c5-492d-b1fb-a8b9ae6f5a0a",
            "number": "0",
            "name": "Affaldsposer 15 L",
            "price": "9,95",
            "checked": false
          }
        ]
      },
      {
        "navn": "10 Pleje produkter",
        "varer": [
          {
            "id": "206e65e1-438a-4e28-81a1-509f677753d6",
            "number": "0",
            "name": "Tandbørste hoveder",
            "price": "19,95",
            "checked": false
          },
          {
            "id": "b4dcefdf-10b6-4852-9da3-999ef7bebb2e",
            "number": "0",
            "name": "Pakke med små plaster",
            "price": "",
            "checked": false
          }
        ]
      },
      {
        "navn": "08 Teknik, dyr, toilet, køkken",
        "varer": [
          {
            "id": "ca8df3ed-5159-42de-8d33-41e2fd8518db",
            "number": "0",
            "name": "Køkken ruller",
            "price": "21,95",
            "checked": false,
            "category": "08 Teknik, dyr, toilet, køkken"
          },
          {
            "id": "57f9c474-5127-4c0c-88a8-00f258af90d4",
            "number": "0",
            "name": "Toiletpapir",
            "price": "23,60",
            "checked": false,
            "category": "08 Teknik, dyr, toilet, køkken"
          }
        ]
      },
      {
        "navn": "99 Tobak & spiritus",
        "varer": [
          {
            "id": "6ca4a3a2-2a57-4703-adcf-784f987c4787",
            "number": "0",
            "name": "Lange Blå Viking",
            "price": "59,00",
            "checked": false
          }
        ]
      },
      {
        "navn": "01 Fersk kød",
        "varer": [
          {
            "id": "157e1f24-e8cc-4a2d-a58b-741df4473e5c",
            "number": "0",
            "name": "Kyllinge underlår",
            "price": "20,00",
            "checked": false
          }
        ]
      },
      {
        "navn": "04 Konserves & bager ingredienser",
        "varer": [
          {
            "id": "dc80d470-8078-4384-9218-d3d48614a082",
            "number": "0",
            "name": "Agurkesalat",
            "price": "11,50",
            "checked": false,
            "category": "04 Konserves & bager ingredienser"
          },
          {
            "id": "c48bbf27-cf2f-4607-8cb4-cb1794006b69",
            "number": "0",
            "name": "Stødt ingefær",
            "price": "11,35",
            "checked": false,
            "category": "04 Konserves & bager ingredienser"
          },
          {
            "id": "97f509c2-15ba-49f5-abfc-e3b38eaf0619",
            "number": "0",
            "name": "Stødt Gurkemeje",
            "price": "8,95",
            "checked": false,
            "category": "04 Konserves & bager ingredienser"
          },
          {
            "id": "62073b74-9f2a-4b75-840c-4da367c594ed",
            "number": "0",
            "name": "Rødkål",
            "price": "12,95",
            "checked": false,
            "category": "04 Konserves & bager ingredienser"
          }
        ]
      }
    ]
  },
  {
    "navn": "Harald Nyborg",
    "kategorier": []
  },
  {
    "navn": "Bilka",
    "kategorier": [
      {
        "navn": "Sukkerfri afdeling",
        "varer": [
          {
            "id": "3eb6705f-75ac-4791-9a7b-df8c0ff97e2e",
            "number": "0",
            "name": "Bolcher",
            "price": "24,95",
            "checked": false
          }
        ]
      },
      {
        "navn": "Køkkengrej",
        "varer": []
      },
      {
        "navn": "Pleje artikler",
        "varer": [
          {
            "id": "dfbbf006-c085-45de-ad79-7689a37a32d9",
            "number": "0",
            "name": "Dove håndsæbe opfylder",
            "price": "15,00",
            "checked": false,
            "category": "Pleje artikler"
          },
          {
            "id": "20232098-a501-4fe0-9865-c1f190c2a571",
            "number": "0",
            "name": "Tandstikker",
            "price": "49,95",
            "checked": false
          }
        ]
      },
      {
        "navn": "Dressinger",
        "varer": [
          {
            "id": "3b8e9cbe-cb23-4d1f-b812-4c5bf01ab1b0",
            "number": "0",
            "name": "Stjerneskud dressing",
            "price": "13,95",
            "checked": false
          }
        ]
      },
      {
        "navn": "Sko",
        "varer": [
          {
            "id": "4b6b44ea-75be-4529-a8e5-981a228c5597",
            "number": "0",
            "name": "Sandaler velcro kate",
            "price": "199,00",
            "checked": false
          },
          {
            "id": "59354234-7297-4928-9c11-81609a500611",
            "number": "0",
            "name": "Sandaler Rikard",
            "price": "199,00",
            "checked": false
          }
        ]
      },
      {
        "navn": "Dametøj",
        "varer": [
          {
            "id": "6e5cb3ba-fbd4-403d-a153-7138953be9c3",
            "number": "0",
            "name": "Strømper Kate",
            "price": "79,00",
            "checked": false,
            "category": "Dametøj"
          }
        ]
      }
    ]
  },
  {
    "navn": "Bauhaus",
    "kategorier": [
      {
        "navn": "Maler",
        "varer": []
      },
      {
        "navn": "VVS artikler",
        "varer": []
      },
      {
        "navn": "Træ vare i hallen",
        "varer": []
      }
    ]
  },
  {
    "navn": "Skiverne Købmand",
    "kategorier": []
  },
  {
    "navn": "Plantorama",
    "kategorier": [
      {
        "navn": "Udplantning",
        "varer": []
      }
    ]
  },
  {
    "navn": "Jem & Fix",
    "kategorier": []
  },
  {
    "navn": "Hjemme lageret",
    "kategorier": [
      {
        "navn": "Fryseren",
        "varer": [
          {
            "id": "0dc7002d-9951-4db9-8be8-7ff987a33bf6",
            "number": "7",
            "name": "Gris Korteletter",
            "price": "",
            "checked": false
          },
          {
            "id": "da20b375-0474-44af-baa9-f672b71b9730",
            "number": "3",
            "name": "Gris Medister",
            "price": "",
            "checked": false
          },
          {
            "id": "b9476272-e7dd-4302-b8d5-80917540a820",
            "number": "10",
            "name": "Fisk Fiskefilet",
            "price": "",
            "checked": false
          },
          {
            "id": "12363f3a-e041-44a9-be89-243f89b96377",
            "number": "9",
            "name": "Rugbrød",
            "price": "",
            "checked": false
          },
          {
            "id": "423d6144-5af5-41c5-bc7e-311ea9254aab",
            "number": "2",
            "name": "Gris mørbrad krydret   1/2",
            "price": "",
            "checked": false
          },
          {
            "id": "7fed2ecc-8ca0-486a-934b-52a4ea11ffc4",
            "number": "1",
            "name": "Gris Poreruller",
            "price": "",
            "checked": false
          },
          {
            "id": "321781c3-03ff-4db0-a42c-07678b1d9849",
            "number": "1",
            "name": "Oksekød Grill bøffer med krydderier",
            "price": "",
            "checked": false
          },
          {
            "id": "1a1af188-d0af-48dd-bd0b-a221ac64de0f",
            "number": "2",
            "name": "Kalve grillsticks",
            "price": "",
            "checked": false
          },
          {
            "id": "f1ebb2a8-bf0a-4aee-bea8-3d23c4278a26",
            "number": "1",
            "name": "Oksekød Herregårdes bøffer",
            "price": "",
            "checked": false
          },
          {
            "id": "1d001aac-4b84-4372-8051-b58efe69fd35",
            "number": "0",
            "name": "Gris nakkekoteletter BBQ",
            "price": "",
            "checked": false
          },
          {
            "id": "2189f762-769d-42eb-ad91-60b61164de97",
            "number": "0",
            "name": "Oksekød bacon /Cedder griller",
            "price": "",
            "checked": false
          },
          {
            "id": "80fa2886-1e73-4f52-9d61-7d968281fb19",
            "number": "0",
            "name": "Oksekød Grillsticks med bacon",
            "price": "",
            "checked": false
          },
          {
            "id": "d8e18acd-cd83-477a-acfe-661286911917",
            "number": "1",
            "name": "Gris Bacon & BBQ grillbøffer",
            "price": "",
            "checked": false
          },
          {
            "id": "011dfcc3-392d-447b-8676-e3e88f88e947",
            "number": "1",
            "name": "Kyllinge overlår",
            "price": "",
            "checked": false
          },
          {
            "id": "cb41ae8e-c9ea-4a85-a549-67fd576765d1",
            "number": "1",
            "name": "Kyllinge underlår",
            "price": "",
            "checked": false
          },
          {
            "id": "98de9f57-4f24-46d2-9a29-6126231d11f3",
            "number": "11",
            "name": "Smør",
            "price": "",
            "checked": false
          },
          {
            "id": "0c969fb7-e73e-4bb0-959a-85bba2807c2e",
            "number": "1",
            "name": "Plantemargarine",
            "price": "",
            "checked": false
          },
          {
            "id": "b641127a-38c6-486b-848d-f3ac3e3166c1",
            "number": "8",
            "name": "Fisk rejer 200g",
            "price": "",
            "checked": false
          },
          {
            "id": "3f1cd9f9-0d2f-42e8-a432-0e9f3087487f",
            "number": "2",
            "name": "Gris spareribs",
            "price": "",
            "checked": false
          },
          {
            "id": "9e693c27-5e19-4604-ae11-dfc5d0d94079",
            "number": "1",
            "name": "Gris ruller paprika",
            "price": "",
            "checked": false
          },
          {
            "id": "04299cfd-3693-42fb-9f19-ec00a135899b",
            "number": "2",
            "name": "Hakket oksekød og svinekød",
            "price": "",
            "checked": false
          },
          {
            "id": "395687a6-7a5e-4d8b-bcb8-9a1ac7028d7f",
            "number": "6",
            "name": "Oste pakker a 2 stk",
            "price": "",
            "checked": false
          },
          {
            "id": "e99d1bb2-758b-49e5-aaa3-e1ffcdb4a354",
            "number": "2",
            "name": "Leverpostej",
            "price": "",
            "checked": false
          },
          {
            "id": "3762b2f1-b909-4084-8f91-cef2cabc7449",
            "number": "1",
            "name": "Margarine",
            "price": "",
            "checked": false
          }
        ]
      },
      {
        "navn": "Kolonial skab",
        "varer": [
          {
            "id": "22d00c72-a0d0-4a05-8895-297e9edd3a21",
            "number": "1",
            "name": "Flydende margarine",
            "price": "",
            "checked": false
          },
          {
            "id": "fa906b75-d049-450e-89e9-7c6182c2f1f5",
            "number": "1",
            "name": "Marmelade kate",
            "price": "",
            "checked": false
          },
          {
            "id": "6a8fbe3c-1c67-4cca-9bee-2e5a1ec19ecf",
            "number": "1",
            "name": "Marmelade Rikard",
            "price": "",
            "checked": false
          },
          {
            "id": "96436d3e-17b5-488e-93b0-44d1c7fd09a1",
            "number": "2",
            "name": "Sennep",
            "price": "",
            "checked": false
          },
          {
            "id": "c7f92cc2-83e5-44ec-9819-f4862adf2706",
            "number": "1",
            "name": "Rødkål",
            "price": "",
            "checked": false
          },
          {
            "id": "b8a8c482-d412-4a31-a45a-07b08409cc78",
            "number": "0",
            "name": "Agurkesalat",
            "price": "",
            "checked": false
          },
          {
            "id": "ef6ac326-9a24-4b76-a70b-ff5cc308f14e",
            "number": "3",
            "name": "Makrel i olie",
            "price": "",
            "checked": false
          },
          {
            "id": "7b16a24d-95f8-4572-90c7-761c86fafa37",
            "number": "1",
            "name": "Tun i vand",
            "price": "",
            "checked": false
          },
          {
            "id": "055fc9ac-5e21-40fa-9096-249ac6692355",
            "number": "2",
            "name": "Mad olie",
            "price": "",
            "checked": false
          },
          {
            "id": "905cc633-12c0-496f-89fa-bc7565463ee6",
            "number": "2",
            "name": "Saftevand",
            "price": "",
            "checked": false
          },
          {
            "id": "3958b103-9606-4445-b957-0067ed59b54f",
            "number": "2",
            "name": "Kaffe",
            "price": "",
            "checked": false
          },
          {
            "id": "bdf693cc-e2ca-425a-9bcf-3f7a965080c1",
            "number": "1",
            "name": "BBQ Sauce",
            "price": "",
            "checked": false
          },
          {
            "id": "702f59e1-c505-442c-a411-09fa4fc0261a",
            "number": "2",
            "name": "Tomatketchup",
            "price": "",
            "checked": false
          },
          {
            "id": "d9a063ad-f43a-45dd-9bbe-ff016ae8e69f",
            "number": "1",
            "name": "Citronsaft",
            "price": "",
            "checked": false
          },
          {
            "id": "fa15b73d-8696-4f3f-b4d9-104d3fc34070",
            "number": "0",
            "name": "Remoulade",
            "price": "",
            "checked": false
          },
          {
            "id": "483d747a-aaa1-43f1-a345-c23459590260",
            "number": "0",
            "name": "Mayonnaise",
            "price": "",
            "checked": false
          },
          {
            "id": "a408349f-c783-4edb-9bdc-a1997da8274a",
            "number": "6",
            "name": "Havregryn",
            "price": "",
            "checked": false
          },
          {
            "id": "052ab1de-43b6-4fe3-bf30-5748e6d3d4f1",
            "number": "1",
            "name": "Mayonnaise",
            "price": "",
            "checked": false
          }
        ]
      },
      {
        "navn": "Kaffe kage skab",
        "varer": [
          {
            "id": "070f9f3c-1df9-47fd-95a1-e22132cbfc50",
            "number": "1",
            "name": "Chokolade kiks",
            "price": "",
            "checked": false,
            "category": "Kaffe kage skab"
          },
          {
            "id": "6a5058ce-783f-47fa-ac7e-bd3c30981beb",
            "number": "2",
            "name": "Knækbrød",
            "price": "",
            "checked": false,
            "category": "Kaffe kage skab"
          }
        ]
      },
      {
        "navn": "Bryggers",
        "varer": [
          {
            "id": "0967ca00-a7e2-4444-b9fd-c3899be056df",
            "number": "3",
            "name": "Gas til Grill 450g",
            "price": "",
            "checked": false
          }
        ]
      }
    ]
  },
  {
    "navn": "Apotek",
    "kategorier": [
      {
        "navn": "201255-0335 Rikard",
        "varer": [
          {
            "id": "bab0db84-644c-494a-900f-5ac5e5367592",
            "number": "0",
            "name": "Neutral Ophtha Øjensalve",
            "price": "",
            "checked": false
          },
          {
            "id": "10a3f5e4-2812-48c6-993a-ed1a9ecf1188",
            "number": "0",
            "name": "Viscotears",
            "price": "",
            "checked": false
          },
          {
            "id": "976cae67-6bc9-4808-bab0-7116d044f505",
            "number": "0",
            "name": "Pakke med plaster små",
            "price": "",
            "checked": false
          }
        ]
      },
      {
        "navn": "160159-0448 Kate",
        "varer": []
      }
    ]
  }
]