{
  "en": {
    "shop": {
      "Heading": "Shopping list",
      "Select store": "Select store",
      "Qty": "Qty",
      "Item name": "Item name",
      "Select category": "Select category",
      "Add item": "Add item",
      "All Categories": "All Categories",
      "Manage": "Manage",
      "Update item": "Update item",
      "Hide 0": "Hide 0",
      "Only 0": "Only 0",
      "Show all": "Show all",
      "Delete": "Delete",
      "Category:": "Category:",
      "Price": "Price",
      "Total": "Total",
      "£": "£"
    },
    "cat": {
      "Heading": "Administration",
      "Select store": "Select store",
      "New store name": "New store name",
      "Add Store": "Add Store",
      "Delete Store": "Delete Store",
      "Export": "Export",
      "Import": "Import",
      "Category name": "Category name",
      "Add Category": "Add Category",
      "Update Category": "Update Category",
      "Back": "Back",
      "Edit": "Edit",
      "Delete": "Delete"
    }
  },
  "da": {
    "shop": {
      "Heading": "Indkøbsliste",
      "Select store": "Vælg butik",
      "Qty": "Antal",
      "Item name": "Varenavn",
      "Select category": "Vælg kategori",
      "Add item": "Tilføj vare",
      "All Categories": "Alle kategorier",
      "Manage": "Administrer",
      "Update item": "Opdater vare",
      "Hide 0": "Skjul 0",
      "Only 0": "Kun 0",
      "Show all": "Vis alle",
      "Delete": "Slet",
      "Category:": "Kategori:",
      "Price": "Pris",
      "Total": "Total",
      "£": "Kr."
    },
    "cat": {
      "Heading": "Administration",
      "Select store": "Vælg butik",
      "New store name": "Nyt butiknavn",
      "Add Store": "Tilføj butik",
      "Delete Store": "Slet butik",
      "Export": "Eksportér",
      "Import": "Importér",
      "Category name": "Kategori navn",
      "Add Category": "Tilføj kategori",
      "Update Category": "Opdater kategori",
      "Back": "Tilbage",
      "Edit": "Rediger",
      "Delete": "Slet"
    }
  },
"sv": {
 "shop": {
    "Heading": "Inköpslista",
    "Select store": "Välj butik",
    "Qty": "Antal",
    "Item name": "Varunamn",
    "Select category": "Välj kategori",
    "Add item": "Lägg till vara",
    "All Categories": "Alla kategorier",
    "Manage": "Hantera",
    "Update item": "Uppdatera vara",
    "Hide 0": "Dölj 0",
    "Only 0": "Endast 0",
    "Show all": "Visa alla",
    "Delete": "Ta bort",
    "Category:": "Kategori:",
    "Price": "Pris",
    "Total": "Totalt",
    "£": "Kr."
  },
  "cat": {
    "Heading": "Administration",
    "Select store": "Välj butik",
    "New store name": "Nytt butiksnamn",
    "Add Store": "Lägg till butik",
    "Delete Store": "Ta bort butik",
    "Export": "Exportera",
    "Import": "Importera",
    "Category name": "Kategori namn",
    "Add Category": "Lägg till kategori",
    "Update Category": "Uppdatera kategori",
    "Back": "Tillbaka",
    "Edit": "Redigera",
    "Delete": "Ta bort"
  }
 },
  "no": {
    "shop": {
      "Heading": "Handleliste",
      "Select store": "Velg butikk",
      "Qty": "Antall",
      "Item name": "Varenavn",
      "Select category": "Velg kategori",
      "Add item": "Legg til vare",
      "All Categories": "Alle kategorier",
      "Manage": "Administrer",
      "Update item": "Oppdater vare",
      "Hide 0": "Skjul 0",
      "Only 0": "Kun 0",
      "Show all": "Vis alle",
      "Delete": "Slett",
      "Category:": "Kategori:",
      "Price": "Pris",
      "Total": "Totalt",
      "£": "Kr."
    },
    "cat": {
      "Heading": "Administrasjon",
      "Select store": "Velg butikk",
      "New store name": "Nytt butikknavn",
      "Add Store": "Legg til butikk",
      "Delete Store": "Slett butikk",
      "Export": "Eksporter",
      "Import": "Importer",
      "Category name": "Kategorinavn",
      "Add Category": "Legg til kategori",
      "Update Category": "Oppdater kategori",
      "Back": "Tilbake",
      "Edit": "Rediger",
      "Delete": "Slett"
    }
  },
"fi": {
  "shop": {
    "Heading": "Ostoslista",
    "Select store": "Valitse kauppa",
    "Qty": "Määrä",
    "Item name": "Tuotteen nimi",
    "Select category": "Valitse kategoria",
    "Add item": "Lisää tuote",
    "All Categories": "Kaikki kategoriat",
    "Manage": "Hallinnoi",
    "Update item": "Päivitä tuote",
    "Hide 0": "Piilota 0",
    "Only 0": "Vain 0",
    "Show all": "Näytä kaikki",
    "Delete": "Poista",
    "Category:": "Kategoria:",
    "Price": "Hinta",
    "Total": "Yhteensä",
    "£": "€"
  },
  "cat": {
    "Heading": "Hallinta",
    "Select store": "Valitse kauppa",
    "New store name": "Uusi kaupan nimi",
    "Add Store": "Lisää kauppa",
    "Delete Store": "Poista kauppa",
    "Export": "Vie",
    "Import": "Tuo",
    "Category name": "Kategorian nimi",
    "Add Category": "Lisää kategoria",
    "Update Category": "Päivitä kategoria",
    "Back": "Takaisin",
    "Edit": "Muokkaa",
    "Delete": "Poista"
  }
 },
"de": {
  "shop": {
    "Heading": "Einkaufsliste",
    "Select store": "Geschäft auswählen",
    "Qty": "Menge",
    "Item name": "Artikelname",
    "Select category": "Kategorie auswählen",
    "Add item": "Artikel hinzufügen",
    "All Categories": "Alle Kategorien",
    "Manage": "Verwalten",
    "Update item": "Artikel aktualisieren",
    "Hide 0": "0 ausblenden",
    "Only 0": "Nur 0",
    "Show all": "Alle anzeigen",
    "Delete": "Löschen",
    "Category:": "Kategorie:",
    "Price": "Preis",
    "Total": "Gesamt",
    "£": "€"
  },
  "cat": {
    "Heading": "Verwaltung",
    "Select store": "Geschäft auswählen",
    "New store name": "Neuer Geschäftsname",
    "Add Store": "Geschäft hinzufügen",
    "Delete Store": "Geschäft löschen",
    "Export": "Exportieren",
    "Import": "Importieren",
    "Category name": "Kategoriename",
    "Add Category": "Kategorie hinzufügen",
    "Update Category": "Kategorie aktualisieren",
    "Back": "Zurück",
    "Edit": "Bearbeiten",
    "Delete": "Löschen"
  }
 },
 "es": {
  "shop": {
    "Heading": "Lista de compras",
    "Select store": "Seleccionar tienda",
    "Qty": "Cant.",
    "Item name": "Nombre del artículo",
    "Select category": "Seleccionar categoría",
    "Add item": "Agregar artículo",
    "All Categories": "Todas las categorías",
    "Manage": "Administrar",
    "Update item": "Actualizar artículo",
    "Hide 0": "Ocultar 0",
    "Only 0": "Solo 0",
    "Show all": "Mostrar todo",
    "Delete": "Eliminar",
    "Category:": "Categoría:",
    "Price": "Precio",
    "Total": "Total",
    "£": "€"
  },
  "cat": {
    "Heading": "Administración",
    "Select store": "Seleccionar tienda",
    "New store name": "Nombre de nueva tienda",
    "Add Store": "Agregar tienda",
    "Delete Store": "Eliminar tienda",
    "Export": "Exportar",
    "Import": "Importar",
    "Category name": "Nombre de la categoría",
    "Add Category": "Agregar categoría",
    "Update Category": "Actualizar categoría",
    "Back": "Atrás",
    "Edit": "Editar",
    "Delete": "Eliminar"
  }
 },
  "fr": {
    "shop": {
      "Heading": "Liste de courses",
      "Select store": "Sélectionner un magasin",
      "Qty": "Quantité",
      "Item name": "Nom de l'article",
      "Select category": "Sélectionner une catégorie",
      "Add item": "Ajouter un article",
      "All Categories": "Toutes les catégories",
      "Manage": "Gérer",
      "Update item": "Mettre à jour l'article",
      "Hide 0": "Masquer 0",
      "Only 0": "Seulement 0",
      "Show all": "Afficher tout",
      "Delete": "Supprimer",
      "Category:": "Catégorie:",
      "Price": "Prix",
      "Total": "Total",
      "£": "€"
    },
    "cat": {
      "Heading": "Administration",
      "Select store": "Sélectionner un magasin",
      "New store name": "Nouveau nom de magasin",
      "Add Store": "Ajouter un magasin",
      "Delete Store": "Supprimer un magasin",
      "Export": "Exporter",
      "Import": "Importer",
      "Category name": "Nom de la catégorie",
      "Add Category": "Ajouter une catégorie",
      "Update Category": "Mettre à jour la catégorie",
      "Back": "Retour",
      "Edit": "Modifier",
      "Delete": "Supprimer"
    }
  }  
}
